{
  "r2_train": 0.061563822369391584,
  "r2_test": 0.032341184962995206,
  "accuracy": 0.5780487804878048,
  "n_features": 269
}