{
  "seasons_completed": [
    "2014-15",
    "2015-16",
    "2016-17",
    "2017-18",
    "2018-19",
    "2019-20",
    "2020-21",
    "2021-22",
    "2022-23",
    "2023-24"
  ],
  "games_per_season": {
    "2014-15": 1230,
    "2015-16": 1230,
    "2016-17": 1230,
    "2017-18": 1230,
    "2018-19": 1230,
    "2019-20": 1059,
    "2020-21": 1080,
    "2021-22": 1230,
    "2022-23": 1230,
    "2023-24": 1230
  },
  "total_games": 11979,
  "start_time": 1762754534.343372,
  "end_time": 1762754628.382375,
  "total_time_seconds": 94.03900289535522,
  "total_time_hours": 0.026121945248709786
}