{
  "product_story_r": 0.9804064384280826,
  "product_story_p": 2.0447796369022097e-190,
  "narrative_quality_r": 0.9251654775822614,
  "narrative_quality_p": 2.4597422704620923e-114,
  "validates": true
}