{
  "domain": "Music/Spotify",
  "\u03c0": 0.702,
  "songs": 50000,
  "basic_r": 0.087499065012463,
  "\u0414": 0.030712171819374513,
  "efficiency": 0.0437495325062315,
  "passes_threshold": false,
  "optimized": {
    "train_r2": 0.23139552781685407,
    "test_r2": 0.23638022666519942,
    "features": 227,
    "selected": 50
  },
  "genre_specific": {
    "classical": {
      "r": 0.17654142616812266,
      "r2": 0.031166875153474702,
      "n_songs": 6250
    },
    "country": {
      "r": 0.2699358005760244,
      "r2": 0.07286533643261921,
      "n_songs": 6250
    },
    "electronic": {
      "r": 0.061182141281884664,
      "r2": 0.0037432544118364956,
      "n_songs": 6250
    },
    "hip-hop": {
      "r": 0.21637703274968403,
      "r2": 0.04681902030155784,
      "n_songs": 6250
    },
    "indie": {
      "r": 0.21088119316210574,
      "r2": 0.044470877629473354,
      "n_songs": 6250
    },
    "jazz": {
      "r": 0.22756553550146197,
      "r2": 0.05178607294806715,
      "n_songs": 6250
    },
    "pop": {
      "r": 0.18596393742351394,
      "r2": 0.03458258602205661,
      "n_songs": 6250
    },
    "rock": {
      "r": 0.2534543911968312,
      "r2": 0.06423912841695635,
      "n_songs": 6250
    }
  }
}