{
  "domain": "nba",
  "\u043f": 0.15,
  "n_games": 1000,
  "n_features": 236,
  "\u0414": -0.39046387357853907,
  "r_narrative": 0.1895361264214609,
  "r_baseline": 0.58,
  "genre_analysis": {
    "Rivalry Games": {
      "n": 228,
      "indices": [
        0,
        1,
        2,
        3,
        4,
        5,
        6,
        7,
        8,
        9
      ]
    },
    "Recent High-Stakes": {
      "n": 100,
      "indices": [
        734,
        735,
        736,
        737,
        738,
        739,
        740,
        741,
        742,
        743
      ]
    },
    "Regular Season": {
      "n": 300,
      "indices": [
        228,
        229,
        230,
        231,
        232,
        233,
        234,
        235,
        236,
        237
      ]
    }
  }
}