{
  "models_tested": {
    "ridge": {
      "train_r2": 0.9371744543401493,
      "test_r2": 0.929403565415139,
      "train_r": 0.9680777108993623,
      "test_r": 0.9640557895760696
    },
    "random_forest": {
      "train_r2": 0.9681350346505737,
      "test_r2": 0.9253860101668334,
      "train_r": 0.9839385319472826,
      "test_r": 0.9619698592818974
    },
    "gradient_boosting": {
      "train_r2": 0.9969225416824524,
      "test_r2": 0.913031976444268,
      "train_r": 0.998460085172388,
      "test_r": 0.9555270673530227,
      "model_type": "XGBoost"
    },
    "neural_network": {
      "train_r2": 0.9736332738901713,
      "test_r2": 0.8139396164501395,
      "train_r": 0.9867285715383797,
      "test_r": 0.9021860209791213
    },
    "simple_ensemble": {
      "train_r2": 0.980449237965125,
      "test_r2": 0.9246497347620367,
      "train_r": 0.9901763671008943,
      "test_r": 0.96158709161575
    }
  },
  "best_model": "ridge",
  "best_test_r2": 0.929403565415139,
  "improvement_over_ridge": 0.0,
  "feature_count": 1090
}