{
  "sample_size": 2000,
  "r2_mean": 0.19320942392271426,
  "r2_std": 0.031238950856543928,
  "r": 0.46070392865308685,
  "p_value": 1.2034505886503904e-105,
  "pi": 0.65,
  "kappa": 0.5,
  "delta": 0.14972877681225322,
  "efficiency": 0.2303519643265434
}