{
  "domain": "tennis",
  "sample_size": 200,
  "timestamp": "2025-11-17T14:00:17.014754",
  "domain_info": {
    "name": "tennis",
    "estimated_pi": 0.75,
    "sample_size": 200,
    "total_available": 74906,
    "outcome_type": "binary",
    "used_transformers": true,
    "fast_mode": true
  },
  "n_patterns": 3,
  "patterns": [
    {
      "id": "pattern_0",
      "size": 76,
      "size_pct": 0.38,
      "centroid_latent": [
        -15.057584891689107,
        -9.449232670502566,
        -32.53981531253124,
        0.23392081472494777,
        -0.09012669600465503,
        -0.1144015578220228,
        -0.056931740614869664,
        0.08181044702463676,
        0.0035668129585561758,
        0.0868000145153749,
        -0.0016573500903578578,
        -0.041169520082198596,
        0.05468785233592411,
        0.06977244279637192,
        -0.05062796784970756,
        -0.08160726549362401,
        -0.0911229145795716,
        0.045419047820096176,
        -0.13459471361085326,
        -0.09372835739801778,
        0.11114770602882004,
        -0.04718855320106853,
        0.027005793727504897,
        -0.028509562050358716,
        -0.055119764178509036,
        0.026817200339064325,
        0.10776564536279985,
        0.010029670192609474,
        -0.020570845095166334,
        0.005438549484918632,
        -0.00980916038173664,
        -0.02177349961021594,
        0.020775894428834197,
        0.0037337881426819856,
        -0.003695041974021854,
        0.007651870480102512,
        0.006188759420303566,
        0.005325482168394274,
        0.004064693580596117,
        0.007033521872495691,
        0.008556874351916528,
        -0.003481761803268475,
        -0.015938112576462153,
        -0.013618143472423353,
        -0.006689493290189952,
        -0.005293296503884165,
        0.0016770790990409546,
        0.0006215283646471541,
        -0.0033950940768827384,
        -0.008393738301189118
      ],
      "variance": 74.5983395723406,
      "std": 8.637033030638507,
      "density": 0.02089900122546379,
      "separation": 1.0,
      "coherence": 0.015122195280941473,
      "example_narratives": [
        "Chair umpire Carlos Ramos oversees this ATP_500 Auckland showdown, with line judges Andreas Williams, Roberto Ferrari, and Juan Petit positioned around the Hard court. Tommy Haas (#11, GER), coached by Younes El Aynaoui, faces Jeff Tarango (#63, USA), working with Alberto Martin. Jeff Tarango enters as the underdog seeking an upset. Tommy Haas takes the opening set 7-5. Jeff Tarango, encouraged by Alberto Martin between sets, fights back to take the second set 6-4. In the decisive third set, with Carlos Ramos maintaining control and judges Andreas Williams and Pierre Alves watching every line, Tommy Haas prevails 7-5. Final: 7-5 4-6 7-5.",
        "Chair umpire Andreas Egli oversees this ATP_500 Auckland showdown, with line judges Anna Garcia, Paolo Alves, and Michael Sokolov positioned around the Hard court. Juan Balcells (#211, ESP), coached by Mark Woodforde, faces Franco Squillari (#49, ARG), working with Juan Balcells. Juan Balcells enters as the underdog seeking an upset. Juan Balcells takes the opening set 7-5. Juan Balcells maintains momentum, winning 7-5. Final: 7-5 7-5.",
        "Chair umpire Jake Garner oversees this ATP_500 Auckland showdown, with line judges Juan Martinez, Marco Martin, and Marco Santos positioned around the Hard court. Juan Carlos Ferrero (#45, ESP), coached by Mark Woodforde, faces Roger Federer (#61, SUI), working with Severin L\u00fcthi. Juan Carlos Ferrero takes the opening set 6-4. Juan Carlos Ferrero maintains momentum, winning 6-4. Final: 6-4 6-4.",
        "Chair umpire Alison Hughes oversees this ATP_500 Auckland showdown, with line judges Thomas Smith, Sophie Ivanov, and Katerina Kim positioned around the Hard court. Michael Sell (#167, USA), coached by Albert Costa, faces Nicolas Escude (#34, FRA), working with Thomas Enqvist. Michael Sell enters as the underdog seeking an upset. Michael Sell takes the opening set 0-6. Michael Sell maintains momentum, winning 7-6. In the decisive third set, with Alison Hughes maintaining control and judges Thomas Smith and Martin Kim watching every line, Michael Sell prevails 6-1. Final: 0-6 7-6 6-1. A dramatic comeback victory for Michael Sell.",
        "Chair umpire Adrien Bouleau oversees this ATP_500 Auckland showdown, with line judges Marco Petrov, Diego Martin, and Carlos Ivanov positioned around the Hard court. Michael Chang (#50, USA), coached by Ricardo Sanchez, faces Byron Black (#70, ZIM), working with Ricardo Sanchez. Michael Chang takes the opening set 7-5. Byron Black, encouraged by Ricardo Sanchez between sets, fights back to take the second set 6-4. In the decisive third set, with Adrien Bouleau maintaining control and judges Marco Petrov and Fernando Lopez watching every line, Michael Chang prevails 7-6. Final: 7-5 4-6 7-6."
      ],
      "latent_signature": {
        "prominent_dimensions": [
          2,
          0,
          1,
          3,
          18,
          5,
          20,
          26,
          19,
          16
        ],
        "dimension_values": [
          -32.53981531253124,
          -15.057584891689107,
          -9.449232670502566,
          0.23392081472494777,
          -0.13459471361085326,
          -0.1144015578220228,
          0.11114770602882004,
          0.10776564536279985,
          -0.09372835739801778,
          -0.0911229145795716
        ],
        "dimension_prominence": [
          0.5517477757847451,
          0.2553176437199998,
          0.16022196373113887,
          0.003966380509373749,
          0.0022821989969492623,
          0.001939802192125622,
          0.0018846296143961644,
          0.0018272831165097093,
          0.0015892657111178654,
          0.001545087609115596
        ],
        "note": "These dimensions predict patterns. What they MEAN remains elusive."
      }
    },
    {
      "id": "pattern_1",
      "size": 56,
      "size_pct": 0.28,
      "centroid_latent": [
        41.945716633639265,
        -12.965639751417978,
        10.284202341877078,
        -0.22216342995167876,
        0.1996532328189092,
        -0.03877024734343261,
        0.1201951441601913,
        -0.2692181414001097,
        0.06982099183342842,
        0.01852524063626258,
        -0.1493929848691132,
        -0.12230221388651065,
        -0.16657033965114515,
        -0.08835258547367146,
        0.0031889485971787895,
        -0.10213078904716012,
        -0.08069839184457836,
        -0.12193716312731231,
        0.25010262634646874,
        0.18340692463487418,
        -0.09874992598424223,
        0.125761192677144,
        -0.04710650120382964,
        -0.12408559596703914,
        -0.04665358277017627,
        -0.09012700453460835,
        -0.0021362968723096904,
        -0.03334055159790084,
        -0.01906655275864533,
        -0.00775102295338251,
        0.023818084118209102,
        0.03252601061003827,
        -0.001756937501269987,
        -0.021168811178548318,
        -0.010008801359437079,
        0.0059943142351450585,
        -0.001320955932766101,
        -0.0015213177629074418,
        -0.02910154287203457,
        0.011437008962370638,
        -0.005532271628541549,
        -0.008245548673069567,
        0.02185265213722281,
        0.002246128256796567,
        0.0019067334532863248,
        0.01001472157139487,
        0.003734484838049249,
        0.010738579758208118,
        0.001987184719207758,
        -0.002577780847429137
      ],
      "variance": 84.85502753831139,
      "std": 9.21167886643425,
      "density": 0.021763577215537046,
      "separation": 1.0,
      "coherence": 0.015703557346406626,