{
  "D_overall": 0.07615545494859058,
  "R_squared": 0.005799653318426809,
  "p_value": 0.18835682207505963,
  "top_dimensions": [
    [
      "has_callback",
      -0.10628274671978218,
      0.06600401032195177
    ],
    [
      "meta_humor",
      0.10476156485956048,
      0.06999587346927841
    ]
  ]
}