{
  "D_combined": 0.20661199843289124,
  "R_squared": 0.042688517896433055,
  "p_value": 0.0003150091571395149,
  "transformer_Ds": {
    "nominative": -0.09050928068342512,
    "self_perception": 0.2837739229536641,
    "narrative_potential": 0.1642386303750676
  },
  "n_jokes": 300,
  "mean_rating": 5.636498517674735,
  "rating_range": [
    2.1507821287713003,
    9.23558758185945
  ]
}