{
  "years_since_phd": {
    "mean": 15.448979591836734,
    "std": 5.525677442962549
  },
  "h_index": {
    "mean": 1.010204081632653,
    "std": 0.10049854899791943
  },
  "institution_tier": {
    "mean": 2.0,
    "std": 1.0
  },
  "paper_count": {
    "mean": 1.2346938775510203,
    "std": 0.6027322214539739
  },
  "years_active_span": {
    "mean": 1.6020408163265305,
    "std": 1.9152438749085827
  }
}