{
  "r2": 0.8768288244603148,
  "accuracy": 0.9631578947368421,
  "n_features": 311
}