{
  "aggregate": {
    "statistical": {
      "mean": 0.003525065488103409,
      "std": 0.010920891704161492,
      "min": 0.0,
      "max": 0.054864044953092404,
      "median": 0.0
    },
    "ensemble": {
      "mean": 197.39737811741293,
      "std": 186.96672305963284,
      "min": 0.0,
      "max": 726.726603479972,
      "median": 126.52148034586688
    },
    "linguistic": {
      "mean": 0.1928564147539388,
      "std": 0.02606386168304965,
      "min": 0.12266273640086958,
      "max": 0.23374119543763508,
      "median": 0.19656804017600454
    },
    "self_perception": {
      "mean": 0.07564447743801711,
      "std": 0.050983017136916664,
      "min": 0.0,
      "max": 0.16878147029204432,
      "median": 0.07146057347670251
    },
    "potential": {
      "mean": 0.002360057103708982,
      "std": 0.0022127533084897195,
      "min": 0.0,
      "max": 0.01,
      "median": 0.001992063492063492
    },
    "relational": {
      "mean": 1.102970709556294,
      "std": 0.08958104374553665,
      "min": 0.937129560123815,
      "max": 1.321991264338628,
      "median": 1.0779323452282603
    },
    "nominative": {
      "mean": 0.003826113952256045,
      "std": 0.002248722502175002,
      "min": 0.0,
      "max": 0.00909090909090909,
      "median": 0.003813158851326791
    },
    "dimension_correlations": [
      [
        1.0,
        -0.13914111471349846,
        0.031776411548974294,
        -0.13180811065094195,
        0.018849754642550728,
        -0.11948992495331946,
        -0.2491465542879863
      ],
      [
        -0.13914111471349846,
        1.0,
        -0.5452774427321345,
        0.726098483500455,
        -0.0059876470555104535,
        0.8549080102833825,
        0.09431779521628053
      ],
      [
        0.031776411548974294,
        -0.5452774427321345,
        1.0,
        -0.47438372049337946,
        0.12096974803788785,
        -0.6271330034095225,
        0.041449515172668004
      ],
      [
        -0.13180811065094195,
        0.726098483500455,
        -0.47438372049337946,
        0.9999999999999999,
        0.0659839839824379,
        0.6309831174874607,
        0.30742050931700154
      ],
      [
        0.018849754642550728,
        -0.0059876470555104535,
        0.12096974803788785,
        0.0659839839824379,
        0.9999999999999998,
        -0.00763294474456289,
        0.31173507860247973
      ],
      [
        -0.11948992495331946,
        0.8549080102833825,
        -0.6271330034095224,
        0.6309831174874607,
        -0.00763294474456289,
        0.9999999999999999,
        0.0402890038344092
      ],
      [
        -0.24914655428798632,
        0.09431779521628053,
        0.041449515172668,
        0.30742050931700154,
        0.31173507860247973,
        0.0402890038344092,
        1.0
      ]
    ]
  },
  "clusters": {
    "n_clusters": 4,
    "cluster_labels": [
      3,
      2,
      2,
      2,
      0,
      2,
      3,
      0,
      2,
      2,
      2,
      2,
      0,
      3,
      3,
      0,
      3,
      2,
      0,
      2,
      1,
      0,
      3,
      2,
      0,
      1,
      1,
      0,
      2,
      3,
      0,
      2,
      0,
      0,
      3,
      0,
      3,
      2,
      0,
      0,
      1,
      2,
      0,
      3,
      0,
      3,
      0,
      0,
      1,
      2
    ],
    "cluster_names": [
      "Ensemble Dominant",
      "Ensemble Dominant",
      "Ensemble Dominant",
      "Ensemble Dominant"
    ],
    "cluster_centers": [
      [
        0.0013168089948763068,
        135.8306553059519,
        0.19479658654885082,
        0.06979603707540113,
        0.002079799670363275,
        1.0773058999481606,
        0.004450807019480852
      ],
      [
        0.0009334187792380596,
        574.0757653321396,
        0.18064991098502592,
        0.1397495655046345,
        0.0020576335231282323,
        1.2146009017209027,
        0.0045028043334816945
      ],
      [
        0.007821192684523578,
        22.074484175861897,
        0.21097558117869458,
        0.03767990918980486,
        0.002668482847042049,
        1.0203848689777675,
        0.003148857665921838
      ],
      [
        0.002067685058984487,
        381.94059426263857,
        0.16887484782121662,
        0.11129716636214407,
        0.0025075061773269275,
        1.2143515333180923,
        0.0034814024490899135
      ]
    ]
  },
  "patterns": {
    "common_archetypes": {
      "Relational Connector": 45,
      "Balanced Narrative": 5
    },
    "dimension_ranges": {
      "statistical": {
        "min": 0.0,
        "max": 0.054864044953092404,
        "mean": 0.003525065488103409
      },
      "ensemble": {
        "min": 0.0,
        "max": 726.726603479972,
        "mean": 197.39737811741293
      },
      "linguistic": {
        "min": 0.12266273640086958,
        "max": 0.23374119543763508,
        "mean": 0.1928564147539388
      },
      "self_perception": {
        "min": 0.0,
        "max": 0.16878147029204432,
        "mean": 0.07564447743801711
      },
      "potential": {
        "min": 0.0,
        "max": 0.01,
        "mean": 0.002360057103708982
      },
      "relational": {
        "min": 0.937129560123815,
        "max": 1.321991264338628,
        "mean": 1.102970709556294
      },
      "nominative": {
        "min": 0.0,
        "max": 0.00909090909090909,
        "mean": 0.003826113952256045
      }
    },
    "correlations_found": []
  },
  "sample_count": 50,
  "timestamp": "2025-11-09T21:28:50.276075"
}