{
  "domain": "ml_research",
  "pi_base": 0.74,
  "pi_sensitivity": 0.22,
  "pi_min": 0.77322,
  "pi_max": 0.78224,
  "pi_mean": 0.7748791666666666,
  "pi_std": 0.002502130619869582,
  "complexity_mean": 0.15854166666666666,
  "complexity_std": 0.011373320999407147,
  "pi_effective": [
    0.77366,
    0.77707,
    0.77509,
    0.77344,
    0.77366,
    0.77366,
    0.77344,
    0.77322,
    0.77344,
    0.77366,
    0.78224,
    0.77597
  ],
  "complexities": [
    0.153,
    0.16849999999999998,
    0.1595,
    0.152,
    0.153,
    0.153,
    0.152,
    0.151,
    0.152,
    0.153,
    0.192,
    0.1635
  ],
  "stats": {
    "pi_range": [
      0.77322,
      0.78224
    ],
    "pi_std": 0.002502130619869582,
    "complexity_range": [
      0.151,
      0.192
    ],
    "pi_by_complexity_bucket": {
      "low": 0.773385,
      "mid": 0.77366,
      "high": 0.7775925
    }
  }
}