{
  "domain": "supreme_court",
  "pi_base": 0.52,
  "pi_sensitivity": 0.32,
  "pi_min": 0.5936,
  "pi_max": 0.7888,
  "pi_mean": 0.6537304615384616,
  "pi_std": 0.04130145419644237,
  "complexity_mean": 0.41790769230769226,
  "complexity_std": 0.12906704436388244,
  "pi_effective": [
    0.7888,
    0.78432,
    0.616,
    0.5936,
    0.65568,
    0.59552,
    0.648032,
    0.6480448000000001,
    0.6480576,
    0.6480704,
    0.6480832000000001,
    0.648096,
    0.6481088,
    0.6481216000000001,
    0.6481344,
    0.6481472,
    0.6481600000000001,
    0.6481728,
    0.6481856,
    0.6481984000000001,
    0.6482112,
    0.648224,
    0.6482368000000001,
    0.6482496,
    0.6482624,
    0.6482752
  ],
  "complexities": [
    0.84,
    0.8260000000000001,
    0.30000000000000004,
    0.23,
    0.42400000000000004,
    0.23600000000000002,
    0.4001,
    0.40014,
    0.40018000000000004,
    0.40022,
    0.40026,
    0.40030000000000004,
    0.40034000000000003,
    0.40038,
    0.40042,
    0.40046000000000004,
    0.4005,
    0.40054,
    0.40058000000000005,
    0.40062000000000003,
    0.40066,
    0.4007,
    0.40074000000000004,
    0.40078,
    0.40082,
    0.40086000000000005
  ],
  "stats": {
    "pi_range": [
      0.5936,
      0.7888
    ],
    "pi_std": 0.04130145419644237,
    "complexity_range": [
      0.23,
      0.84
    ],
    "pi_by_complexity_bucket": {
      "low": 0.6326115555555556,
      "mid": 0.6481536000000001,
      "high": 0.6798065777777779
    }
  }
}