{
  "overall": {
    "train_accuracy": 0.9950166112956811,
    "test_accuracy": 0.5149501661129569,
    "p_value": 0.2442118325809636,
    "significant": false,
    "confidence_interval_95": {
      "lower": 0.47505880461165034,
      "upper": 0.5546519385835051
    },
    "cross_validation": {
      "mean": 0.5043189368770764,
      "std": 0.0159537637256385,
      "scores": [
        0.49169435215946844,
        0.5199335548172758,
        0.4833887043189369,
        0.5016611295681063,
        0.5249169435215947
      ]
    },
    "backtesting": {
      "total_bets": 124,
      "correct": 77,
      "accuracy": 0.6209677419354839,
      "total_wagered": 12400.0,
      "net_return": 2307.0,
      "roi_pct": 18.604838709677416,
      "unit_size": 100,
      "confidence_threshold": 0.7
    },
    "confidence_thresholds": {
      "threshold_60": {
        "threshold": 0.6,
        "total_bets": 340,
        "correct": 190,
        "accuracy": 0.5588235294117647,
        "total_wagered": 34000.0,
        "net_return": 2290.0,
        "roi_pct": 6.735294117647059,
        "unit_size": 100
      },
      "threshold_65": {
        "threshold": 0.65,
        "total_bets": 216,
        "correct": 130,
        "accuracy": 0.6018518518518519,
        "total_wagered": 21600.0,
        "net_return": 3230.0,
        "roi_pct": 14.953703703703702,
        "unit_size": 100
      },
      "threshold_70": {
        "threshold": 0.7,
        "total_bets": 124,
        "correct": 77,
        "accuracy": 0.6209677419354839,
        "total_wagered": 12400.0,
        "net_return": 2307.0,
        "roi_pct": 18.604838709677416,
        "unit_size": 100
      },
      "threshold_75": {
        "threshold": 0.75,
        "total_bets": 75,
        "correct": 51,
        "accuracy": 0.68,
        "total_wagered": 7500.0,
        "net_return": 2241.0,
        "roi_pct": 29.880000000000003,
        "unit_size": 100
      },
      "threshold_80": {
        "threshold": 0.8,
        "total_bets": 34,
        "correct": 25,
        "accuracy": 0.7352941176470589,
        "total_wagered": 3400.0,
        "net_return": 1375.0,
        "roi_pct": 40.44117647058824,
        "unit_size": 100
      }
    }
  },
  "contexts": {
    "overall": {
      "train_accuracy": 0.9950166112956811,
      "test_accuracy": 0.5149501661129569,
      "p_value": 0.2442118325809636,
      "significant": false,
      "confidence_interval_95": {
        "lower": 0.47505880461165034,
        "upper": 0.5546519385835051
      },
      "cross_validation": {
        "mean": 0.5043189368770764,
        "std": 0.0159537637256385,
        "scores": [
          0.49169435215946844,
          0.5199335548172758,
          0.4833887043189369,
          0.5016611295681063,
          0.5249169435215947
        ]
      },
      "backtesting": {
        "total_bets": 124,
        "correct": 77,
        "accuracy": 0.6209677419354839,
        "total_wagered": 12400.0,
        "net_return": 2307.0,
        "roi_pct": 18.604838709677416,
        "unit_size": 100,
        "confidence_threshold": 0.7
      },
      "confidence_thresholds": {
        "threshold_60": {
          "threshold": 0.6,
          "total_bets": 340,
          "correct": 190,
          "accuracy": 0.5588235294117647,
          "total_wagered": 34000.0,
          "net_return": 2290.0,
          "roi_pct": 6.735294117647059,
          "unit_size": 100
        },
        "threshold_65": {
          "threshold": 0.65,
          "total_bets": 216,
          "correct": 130,
          "accuracy": 0.6018518518518519,
          "total_wagered": 21600.0,
          "net_return": 3230.0,
          "roi_pct": 14.953703703703702,
          "unit_size": 100
        },
        "threshold_70": {
          "threshold": 0.7,
          "total_bets": 124,
          "correct": 77,
          "accuracy": 0.6209677419354839,
          "total_wagered": 12400.0,
          "net_return": 2307.0,
          "roi_pct": 18.604838709677416,
          "unit_size": 100
        },
        "threshold_75": {
          "threshold": 0.75,
          "total_bets": 75,
          "correct": 51,
          "accuracy": 0.68,
          "total_wagered": 7500.0,
          "net_return": 2241.0,
          "roi_pct": 29.880000000000003,
          "unit_size": 100
        },
        "threshold_80": {
          "threshold": 0.8,
          "total_bets": 34,
          "correct": 25,
          "accuracy": 0.7352941176470589,
          "total_wagered": 3400.0,
          "net_return": 1375.0,
          "roi_pct": 40.44117647058824,
          "unit_size": 100
        }
      }
    },
    "close_spread": {
      "train_accuracy": 0.9950166112956811,
      "test_accuracy": 0.5149501661129569,
      "p_value": 0.2442118325809636,
      "significant": false,
      "confidence_interval_95": {
        "lower": 0.47505880461165034,
        "upper": 0.5546519385835051
      },
      "cross_validation": {
        "mean": 0.5043189368770764,
        "std": 0.0159537637256385,
        "scores": [
          0.49169435215946844,
          0.5199335548172758,
          0.4833887043189369,
          0.5016611295681063,
          0.5249169435215947
        ]
      },
      "backtesting": {
        "total_bets": 124,
        "correct": 77,
        "accuracy": 0.6209677419354839,
        "total_wagered": 12400.0,
        "net_return": 2307.0,
        "roi_pct": 18.604838709677416,
        "unit_size": 100,
        "confidence_threshold": 0.7
      },
      "confidence_thresholds": {
        "threshold_60": {
          "threshold": 0.6,
          "total_bets": 340,
          "correct": 190,
          "accuracy": 0.5588235294117647,
          "total_wagered": 34000.0,
          "net_return": 2290.0,
          "roi_pct": 6.735294117647059,
          "unit_size": 100
        },
        "threshold_65": {
          "threshold": 0.65,
          "total_bets": 216,
          "correct": 130,
          "accuracy": 0.6018518518518519,
          "total_wagered": 21600.0,
          "net_return": 3230.0,
          "roi_pct": 14.953703703703702,
          "unit_size": 100
        },
        "threshold_70": {
          "threshold": 0.7,
          "total_bets": 124,
          "correct": 77,
          "accuracy": 0.6209677419354839,
          "total_wagered": 12400.0,
          "net_return": 2307.0,
          "roi_pct": 18.604838709677416,
          "unit_size": 100
        },
        "threshold_75": {
          "threshold": 0.75,
          "total_bets": 75,
          "correct": 51,
          "accuracy": 0.68,
          "total_wagered": 7500.0,
          "net_return": 2241.0,
          "roi_pct": 29.880000000000003,
          "unit_size": 100
        },
        "threshold_80": {
          "threshold": 0.8,
          "total_bets": 34,
          "correct": 25,
          "accuracy": 0.7352941176470589,
          "total_wagered": 3400.0,
          "net_return": 1375.0,
          "roi_pct": 40.44117647058824,
          "unit_size": 100
        }
      }
    }
  },
  "data_summary": {
    "total_games": 3010,
    "total_features": 1007,
    "home_win_rate": 0.5514950166112956,
    "validation_date": "2025-11-14"
  },
  "ats_prediction": {
    "train_accuracy": 0.9962624584717608,
    "test_accuracy": 0.4584717607973422,
    "p_value": 0.9812171518218152,
    "significant": false,
    "confidence_interval_95": {
      "lower": 0.41905751406275377,
      "upper": 0.498412643728481
    },
    "cross_validation": {
      "mean": 0.5053156146179403,
      "std": 0.015842683079822395,
      "scores": [
        0.4900332225913621,
        0.5299003322259136,
        0.5182724252491694,
        0.49335548172757476,
        0.4950166112956811
      ]
    },
    "backtesting": {
      "total_bets": 104,
      "correct": 40,
      "accuracy": 0.38461538461538464,
      "total_wagered": 10400.0,
      "net_return": -2760.0,
      "roi_pct": -26.53846153846154,
      "unit_size": 100,
      "confidence_threshold": 0.7
    },