{
  "draws": 10000,
  "luck_test": {
    "western_7": {
      "numbers": [
        7,
        17,
        27,
        37,
        47
      ],
      "observed_count": 4395,
      "expected_count": 4347.826086956522,
      "deviation_pct": 1.0849999999999944,
      "chi2": 0,
      "p_value": 1.0,
      "significant": false
    },
    "western_777": {
      "numbers": [
        7
      ],
      "observed_count": 850,
      "expected_count": 869.5652173913044,
      "deviation_pct": -2.2500000000000027,
      "chi2": 0,
      "p_value": 1.0,
      "significant": false
    },
    "asian_8": {
      "numbers": [
        8,
        18,
        28,
        38,
        48,
        58,
        68
      ],
      "observed_count": 5861,
      "expected_count": 6086.956521739131,
      "deviation_pct": -3.712142857142865,
      "chi2": 0,
      "p_value": 1.0,
      "significant": false
    },
    "asian_888": {
      "numbers": [
        8
      ],
      "observed_count": 807,
      "expected_count": 869.5652173913044,
      "deviation_pct": -7.195000000000003,
      "chi2": 0,
      "p_value": 1.0,
      "significant": false
    },
    "round": {
      "numbers": [
        10,
        20,
        30,
        40,
        50,
        60
      ],
      "observed_count": 5217,
      "expected_count": 5217.391304347826,
      "deviation_pct": -0.0074999999999984844,
      "chi2": 0,
      "p_value": 1.0,
      "significant": false
    },
    "sequential": {
      "numbers": [
        1,
        2,
        3,
        4,
        5,
        6,
        7,
        8,
        9
      ],
      "observed_count": 7731,
      "expected_count": 7826.086956521739,
      "deviation_pct": -1.2149999999999985,
      "chi2": 0,
      "p_value": 1.0,
      "significant": false
    },
    "overall_uniformity": {
      "chi2": 56.098099999999995,
      "p_value": 0.8482532008236491,
      "is_uniform": true
    }
  },
  "narrativity": {
    "pi": 0.043500000000000004,
    "structural": 0.01,
    "temporal": 0.05,
    "agency": 0.1,
    "interpretive": 0.03,
    "format": 0.01
  },
  "forces": {
    "lambda_limit": 0.95,
    "psi_witness": 0.7,
    "nu_narrative": 0.05
  },
  "arch": {
    "arch_predicted": -1.5999999999999999,
    "arch_observed": 0.02577440476190477,
    "error": 1.6257744047619047,
    "interpretation": "Physics dominates - narrative ineffective"
  }
}