{
  "graph_metadata": {
    "n_nodes": 60,
    "n_edges": 567,
    "density": 0.32033898305084746
  },
  "sample_nodes": {
    "BUF": {
      "degree": 1393.7398185822228,
      "centrality": 0.020823340278335142,
      "clustering": 0.26095767149936083
    },
    "WSH": {
      "degree": 1532.7694081863704,
      "centrality": 0.020400441741621714,
      "clustering": 0.2898191714729088
    },
    "CAR": {
      "degree": 1439.8057011238568,
      "centrality": 0.019275277018568536,
      "clustering": 0.280403815170133
    },
    "CBJ": {
      "degree": 1365.2275605987957,
      "centrality": 0.01842833075359101,
      "clustering": 0.27410414850067155
    },
    "DET": {
      "degree": 1452.1988885589537,
      "centrality": 0.019398146706706677,
      "clustering": 0.28201536637117475
    },
    "PIT": {
      "degree": 1472.972602884535,
      "centrality": 0.019750713918045615,
      "clustering": 0.2830614315417434
    },
    "CHI": {
      "degree": 1425.0608190485536,
      "centrality": 0.019972757438768148,
      "clustering": 0.26620851206044405
    },
    "MTL": {
      "degree": 1471.2820413718334,
      "centrality": 0.019634568508489846,
      "clustering": 0.28363973426535394
    },
    "ARI": {
      "degree": 1250.8677152168952,
      "centrality": 0.01711680564267399,
      "clustering": 0.26974242671453036
    },
    "EDM": {
      "degree": 1534.765408956227,
      "centrality": 0.02258701906788991,
      "clustering": 0.2725090691831556
    },
    "NJD": {
      "degree": 1404.3945515264154,
      "centrality": 0.019835374158823686,
      "clustering": 0.2572772457514618
    },
    "NYI": {
      "degree": 1439.6365207487302,
      "centrality": 0.019357698310683825,
      "clustering": 0.2751215896680304
    },
    "PHI": {
      "degree": 1388.9835717486822,
      "centrality": 0.02072050825773753,
      "clustering": 0.25466087320599223
    },
    "FLA": {
      "degree": 1430.9712788956012,
      "centrality": 0.019167433859920292,
      "clustering": 0.2793393903246992
    },
    "TBL": {
      "degree": 1609.3699809626048,
      "centrality": 0.021233869396768246,
      "clustering": 0.2992164169480371
    },
    "MIN": {
      "degree": 1356.3745483424202,
      "centrality": 0.018421596855343683,
      "clustering": 0.2694618530026357
    },
    "STL": {
      "degree": 1477.2385719504289,
      "centrality": 0.019857151724610625,
      "clustering": 0.2838627784830227
    },
    "CGY": {
      "degree": 1408.358356060509,
      "centrality": 0.019117390236399467,
      "clustering": 0.274431281171533
    },
    "WPG": {
      "degree": 1373.885859177021,
      "centrality": 0.018646325215642336,
      "clustering": 0.2737539200165513
    },
    "VAN": {
      "degree": 1396.1139916442562,
      "centrality": 0.018949548001178484,
      "clustering": 0.2759747027352244
    }
  }
}