{
  "domain": "oscars",
  "sample_size": 45,
  "timestamp": "2025-11-18T18:16:19.733233",
  "domain_info": {
    "name": "oscars",
    "estimated_pi": 0.88,
    "sample_size": 45,
    "total_available": 45,
    "outcome_type": "binary",
    "used_transformers": true,
    "fast_mode": false
  },
  "n_patterns": 3,
  "patterns": [
    {
      "id": "pattern_0",
      "size": 24,
      "size_pct": 0.5333333333333333,
      "centroid_latent": [
        -54.812620981347486,
        9.874345804034446,
        -36.97273284405865,
        -5.137154946999593,
        2.3570450314794225,
        -4.304752125088298,
        -1.0667071925727505,
        -0.4766257759852283,
        2.5848065143506624,
        0.46196962035033834,
        -0.5929345516681913,
        -0.4913757972859312,
        -0.047047732721980116,
        -0.24929996935554075,
        -0.05708681494357535,
        0.23379793046287825,
        -0.07487559886538538,
        0.17440187988755673,
        -0.42760853763222667,
        -0.04276700315093657,
        -0.11570284407175598,
        0.19379236825495372,
        -0.2140195043098746,
        -0.1802185511419854,
        -0.11566390116663455,
        -0.048299648360659087,
        -0.19700817133603477,
        0.0470984031261096,
        -0.06485296927798863,
        0.022593471203890592,
        -0.020995688370876283,
        0.04394488664070619,
        -0.04432203460135692,
        0.1298044380448887,
        0.0039012131983793366,
        -0.05116503796314394,
        0.1071496688846268,
        -0.04977935526214359,
        -0.03024780530848402,
        -0.0312707379194355,
        -0.07674603313815524,
        0.023751406890836893,
        -0.008418953954635945,
        0.020009900745101786
      ],
      "variance": 453.9535674628629,
      "std": 21.306186131329625,
      "density": 0.008213621664460168,
      "separation": 1.0,
      "coherence": 0.00575445909596594,
      "example_narratives": [
        "The story of J. Robert Oppenheimer's role in the development of the atomic bomb during World War II.",
        "When oil is discovered in 1920s Oklahoma under Osage Nation land, the Osage people are murdered one by one\u2014until the FBI steps in to unravel the mystery.",
        "Barbie and Ken are having the time of their lives in the colorful and seemingly perfect world of Barbie Land. However, when they get a chance to go to the real world, they soon discover the joys and perils of living among humans.",
        "A novelist fed up with the establishment profiting from \"Black\" entertainment uses a pen name to write a book that propels him into the heart of hypocrisy and the madness he claims to disdain.",
        "After decades apart, childhood friends Nora and Hae Sung are reunited in New York for one fateful weekend as they confront notions of destiny, love, and the choices that make a life."
      ],
      "latent_signature": {
        "prominent_dimensions": [
          0,
          2,
          1,
          3,
          5,
          8,
          4,
          6,
          10,
          11
        ],
        "dimension_values": [
          -54.812620981347486,
          -36.97273284405865,
          9.874345804034446,
          -5.137154946999593,
          -4.304752125088298,
          2.5848065143506624,
          2.3570450314794225,
          -1.0667071925727505,
          -0.5929345516681913,
          -0.4913757972859312
        ],
        "dimension_prominence": [
          0.44825238050451377,
          0.30235947879132574,
          0.08075145711586051,
          0.04201116262615358,
          0.03520385183203216,
          0.02113830085949624,
          0.019275689200786948,
          0.008723429564419773,
          0.004848962146128511,
          0.004018424350309317
        ],
        "note": "These dimensions predict patterns. What they MEAN remains elusive."
      }
    },
    {
      "id": "pattern_1",
      "size": 15,
      "size_pct": 0.3333333333333333,
      "centroid_latent": [
        124.88833926616657,
        -9.5398364900857,
        6.5453086718395985,
        17.23999236495301,
        -5.235225931071015,
        3.453971106990043,
        1.4239431223789147,
        1.3855506928612007,
        -0.8936705775834767,
        -0.4155109575573823,
        0.2059534937010472,
        0.17273462169103035,
        0.17995758167495027,
        0.6587898572948583,
        0.1966799657942751,
        -0.2822643620626148,
        -0.13993050142412158,
        -0.5728331890940522,
        0.5678176566117634,
        0.2031875610904941,
        0.2132704247523699,
        -0.18912040053088144,
        0.27299014275385064,
        0.2780723586549291,
        -0.0020852912182215853,
        0.21664280823250018,
        0.25789097836147595,
        0.0032390569194455337,
        0.260697416491103,
        -0.10208375886057357,
        -0.025122262389584378,
        0.07622127642573512,
        0.07317933796568749,
        -0.09613435153242159,
        0.022993834207814215,
        0.023975831706123142,
        -0.1819767874848231,
        0.09143597468504255,
        -0.026331437980385508,
        -0.06369551802269927,
        0.05324299677390566,
        0.02154379051070142,
        0.060521406191424,
        0.009864234295181636
      ],
      "variance": 806.329941941298,
      "std": 28.39594939320216,
      "density": 0.007310163872355402,
      "separation": 1.0,
      "coherence": 0.005059198366529495,
      "example_narratives": [
        "Brought back to life by an unorthodox scientist, a young woman runs off with a lawyer on a whirlwind adventure across the continents. Free from the prejudices of her times, she grows steadfast in her purpose to stand for equality and liberation.",
        "A curmudgeonly instructor at a New England prep school is forced to remain on campus during Christmas break to babysit the handful of students with nowhere to go. Eventually, he forms an unlikely bond with one of them \u2014 a damaged, brainy troublemaker \u2014 and with the school\u2019s head cook, who has just lost a son in Vietnam.",
        "Biopic of Javier Imbroda, coach and teacher, who transformed people and cities. The story of an overwhelming personality who made everyone win. Imbroda made it possible to take his school team to the national elite, the creation of Unicaja, the Lithuanian revenge or the genesis of 'the family', the best Spanish team in history. The documentary questions the conception of superficial and fleeting success compared to the human and profound triumph that Javier Imbroda represented in all its facets.",
        "Paul Baumer and his friends Albert and Muller, egged on by romantic dreams of heroism, voluntarily enlist in the German army. Full of excitement and patriotic fervour, the boys enthusiastically march into a war they believe in. But once on the Western Front, they discover the soul-destroying horror of World War I.",
        "Set more than a decade after the events of the first film, learn the story of the Sully family (Jake, Neytiri, and their kids), the trouble that follows them, the lengths they go to keep each other safe, the battles they fight to stay alive, and the tragedies they endure."
      ],
      "latent_signature": {
        "prominent_dimensions": [
          0,
          3,
          1,
          2,
          4,
          5,
          6,
          7,
          8,
          13
        ],
        "dimension_values": [
          124.88833926616657,
          17.23999236495301,
          -9.5398364900857,
          6.5453086718395985,
          -5.235225931071015,
          3.453971106990043,
          1.4239431223789147,
          1.3855506928612007,
          -0.8936705775834767,
          0.6587898572948583
        ],