{
  "train_accuracy": 0.552909019914096,
  "train_auc": 0.5703281680083492,
  "train_log_loss": 0.6855501273543766,
  "test_accuracy": 0.48014660965180206,
  "test_auc": 0.4803224851274597,
  "test_log_loss": 0.7110537353430516,
  "feature_importances": {
    "closing_spread_home": 0.12158176746644789,
    "closing_spread_home_price": 0.01327451444232011,
    "closing_spread_away_price": 0.0067129816316924195,
    "closing_moneyline_home_implied": 0.12497308814297164,
    "closing_total": 0.016402858779202056,
    "closing_total_price": 0.02674570164858356,
    "closing_total_under_price": 0.03561548178468029,
    "neutral_site": -0.018086575839950006,
    "conference_game": -0.0033712664378004993,
    "rank_diff": 0.06256847532179476,
    "home_games_played": -0.006538205311204988,
    "away_games_played": -0.026549190886795394,
    "home_rest_days": -0.16620613206311274,
    "away_rest_days": 0.28504865885410263,
    "rest_days_diff": 0.31208868387178706,
    "home_margin_avg_last3": 0.01775272815292295,
    "home_margin_avg_last10": 0.020392555129483767,
    "away_margin_avg_last3": 0.21719163860705568,
    "away_margin_avg_last10": -0.2524725638621234,
    "home_points_avg_last3": -0.0018474624881583631,
    "home_points_avg_last10": -0.0005991450143116036,
    "away_points_avg_last3": -0.09813624861147652,
    "away_points_avg_last10": 0.07328505268586422,
    "home_points_allowed_avg_last3": -0.01303611299800256,
    "away_points_allowed_avg_last3": -0.2257165124383222,
    "home_points_allowed_avg_last10": -0.012293799103566878,
    "away_points_allowed_avg_last10": 0.21272220956412652,
    "home_win_pct_last3": -0.09820040168536201,
    "away_win_pct_last3": -0.15421090130177484,
    "home_win_pct_last10": 0.13457368428053534,
    "away_win_pct_last10": 0.026328462350621664,
    "home_cover_pct_last3": 0.06138595232759886,
    "away_cover_pct_last3": -0.06198158208354631,
    "home_cover_pct_last10": -0.05867088615858156,
    "away_cover_pct_last10": 0.036834252738861734,
    "home_season_win_pct": 0.13588568695360323,
    "away_season_win_pct": 0.06363281166198653,
    "home_season_conference_win_pct": -0.11927952814332218,
    "away_season_conference_win_pct": 0.06742254039853507,
    "win_pct_diff": 0.052944381960635854,
    "home_streak": -0.03377954928793663,
    "away_streak": -0.001490563699833215,
    "home_elo": -0.022527574931820896,
    "away_elo": 0.09794843035031013,
    "elo_diff": -0.08298127664588636
  },
  "betting_strategy": {
    "bets": 731,
    "wins": 344,
    "roi": -0.10040359085998934,
    "hit_rate": 0.47058823529411764,
    "avg_edge": 0.07134422876458461,
    "threshold": 0.03,
    "total_profit_units": -73.39502491865221
  },
  "test_samples": 1637
}