{
  "n_profiles": 200,
  "n_pairs": 498,
  "compatibility_stats": {
    "mean": 0.7904568588231289,
    "std": 0.09481454786065564,
    "min": 0.44553788888595997,
    "max": 0.9840127059512341
  },
  "compatible_rate": 0.9558232931726908
}