{
  "domain": "startups",
  "sample_size": 258,
  "timestamp": "2025-11-17T20:39:39.597486",
  "domain_info": {
    "name": "startups",
    "estimated_pi": 0.76,
    "sample_size": 258,
    "total_available": 258,
    "outcome_type": "binary",
    "used_transformers": true,
    "fast_mode": false
  },
  "n_patterns": 4,
  "patterns": [
    {
      "id": "pattern_0",
      "size": 27,
      "size_pct": 0.10465116279069768,
      "centroid_latent": [
        135.7332157781057,
        -29.107331696995768,
        3.8887951880254925,
        -0.941458057884771,
        1.4351842859748354,
        5.133296124083724,
        0.2849290609248452,
        -1.2659534171190958,
        0.3110677218305679,
        3.1877660533270262,
        0.3685701474424559,
        0.7789304950492457,
        0.02536332792399507,
        -0.7348665943559671,
        -0.34526942146867984,
        -0.049038024844312085,
        0.02155196287111878,
        -0.12976807600238377,
        0.5291192716470351,
        0.4264564552219322,
        0.1735798583261879,
        0.1675260530438596,
        0.19710364931453167,
        -0.0819911834245288,
        0.24266733124261913,
        -0.11161412656164209,
        -0.30608733970712276,
        0.05143456743547796,
        0.14045581546663857,
        0.007566163100906705,
        -0.07715501329497457,
        -0.31315966844376364,
        -0.2114688243268194,
        -0.2560690306698478,
        0.008656445186367918,
        -0.02042965013570595,
        -0.1028979260557315,
        -0.02129948098785208,
        -0.1786570236788273,
        0.2649108039918347,
        -0.06171248631281197,
        0.13963687319821638,
        -0.06514853184774684,
        0.0005117213696731326,
        0.06834942872138725,
        -0.024262398714359847,
        0.01515230576729368,
        -0.0814022203749471,
        -0.009873215942382654,
        -0.01206753116155375
      ],
      "variance": 594.5797160423457,
      "std": 24.384005332232555,
      "density": 0.010901844724755506,
      "separation": 1.0,
      "coherence": 0.007489497599580583,
      "example_narratives": [
        "Talkable is a social referral platform for online stories and subscriptions.",
        "Meteor is an open-source platform for developing web applications.",
        "PayTango provides biometric identification for payments and access control applications.",
        "InstallMonetizer enables software developers to generate additional revenue from their installations.",
        "Firebase is a cloud service designed to power real-time collaborative applications."
      ],
      "latent_signature": {
        "prominent_dimensions": [
          0,
          1,
          5,
          2,
          9,
          4,
          7,
          3,
          11,
          13
        ],
        "dimension_values": [
          135.7332157781057,
          -29.107331696995768,
          5.133296124083724,
          3.8887951880254925,
          3.1877660533270262,
          1.4351842859748354,
          -1.2659534171190958,
          -0.941458057884771,
          0.7789304950492457,
          -0.7348665943559671
        ],
        "dimension_prominence": [
          0.7215600155646653,
          0.15473505576310054,
          0.027288686928681426,
          0.020672899410168463,
          0.01694621695853305,
          0.0076294633541954815,
          0.006729829261939147,
          0.005004806575947872,
          0.00414080736914351,
          0.00390656294571469
        ],
        "note": "These dimensions predict patterns. What they MEAN remains elusive."
      }
    },
    {
      "id": "pattern_1",
      "size": 25,
      "size_pct": 0.09689922480620156,
      "centroid_latent": [
        19.872282926110014,
        157.41988977114184,
        -7.647238318667302,
        -0.40317908307400574,
        -1.0562274561726743,
        -1.0835659531456963,
        0.20873400683987092,
        0.23896163275900442,
        0.6631080089309649,
        -0.5382051297117013,
        0.022300609662799138,
        -0.08370924847820707,
        -0.1484312401025814,
        0.6397725773795815,
        0.48503743523735077,
        0.33898660843213557,
        0.2647403693431699,
        0.21841259600637086,
        0.06107891362698079,
        0.06450623041260158,
        -0.08206164243506853,
        0.05607556127279354,
        0.07452412037636486,
        -0.08881597217464968,
        0.10785754830564498,
        -0.044012281345762065,
        -0.09969849069978495,
        -0.025708301880359358,
        0.01630035211050835,
        0.012819753424428773,
        -0.12235690938827393,
        0.046151731729116616,
        0.0411601630569026,
        -0.034600688975116096,
        -0.003760961461486332,
        0.02928890577746313,
        0.04687401827142282,
        0.03416970373318333,
        -0.07324287996619398,
        0.05081993240432242,
        0.08443630856770348,
        -0.01623446625190027,
        -0.03929479970368383,
        -0.02708429985667137,
        -0.01262049226294993,
        0.029773482006380702,
        -0.017015392366058937,
        -0.00657586741827001,
        0.03844641959471168,
        -0.0003975661085921489
      ],
      "variance": 615.3672508833445,
      "std": 24.8065969226604,
      "density": 0.013419219086969657,
      "separation": 1.0,
      "coherence": 0.009386801010557446,
      "example_narratives": [
        "Goldbely is an e-commerce site for buying and discovering America's best handmade gourmet food & gifts.",
        "GinzaMetrics offers an SEO and content marketing platform that provides recommendations and competitor analytics to agencies and marketers.",
        "Zenefits gives you your managers and your employees a single online place to manage all your HR \u2014 payroll benefits compliance and more.",
        "E la Carte develops tablets for restaurants which allow customers to go through the menu place orders and pay right from their seat.",
        "Science Exchange is a marketplace for scientific collaboration where researchers can order experiments from the world's best labs."
      ],
      "latent_signature": {
        "prominent_dimensions": [
          1,
          0,
          2,
          5,
          4,
          8,
          13,
          9,
          14,
          3
        ],
        "dimension_values": [
          157.41988977114184,
          19.872282926110014,
          -7.647238318667302,
          -1.0835659531456963,
          -1.0562274561726743,
          0.6631080089309649,
          0.6397725773795815,
          -0.5382051297117013,
          0.48503743523735077,
          -0.40317908307400574
        ],
        "dimension_prominence": [
          0.8164061979686775,
          0.10306102343388562,
          0.039659872521700015,
          0.0056195564699102855,
          0.005477774396473624,
          0.0034389903918809112,
          0.003317968893399874,
          0.0027912229154394854,
          0.002515486251135697,
          0.0020909549790149055
        ],
        "note": "These dimensions predict patterns. What they MEAN remains elusive."
      }
    },
    {
      "id": "pattern_2",
      "size": 58,
      "size_pct": 0.2248062015503876,