{
  "domain": "startups",
  "sample_size": 269,
  "timestamp": "2025-11-18T18:01:49.003207",
  "domain_info": {
    "name": "startups",
    "estimated_pi": 0.76,
    "sample_size": 269,
    "total_available": 269,
    "outcome_type": "binary",
    "used_transformers": true,
    "fast_mode": false
  },
  "n_patterns": 4,
  "patterns": [
    {
      "id": "pattern_0",
      "size": 156,
      "size_pct": 0.5799256505576208,
      "centroid_latent": [
        -1411716.0723581298,
        -26.866225436249596,
        -0.7885432592065823,
        -0.2833300257684042,
        -0.4339241035654638,
        -0.15943445353174032,
        -0.09526707593943697,
        0.8809887354381462,
        -0.15478110261089104,
        0.8630852077159076,
        -0.6189701183201793,
        -0.23640252317509564,
        0.061532172139270584,
        -0.29209175164981294,
        -0.1871554547794424,
        -0.23486978837363032,
        0.0009253623165655303,
        0.12167021647699035,
        0.31188657927836744,
        -0.06012572326564366,
        -0.08034000336133887,
        0.06475570915001422,
        -0.03067302834902539,
        -0.03818771985885333,
        0.022773381185236686,
        -0.008507562557478893,
        0.008842339812905893,
        0.04372349807979695,
        -0.0008532463042960469,
        0.002666084298935849,
        -0.018038849213222078,
        -0.00979430384491565,
        0.04822968946558691,
        0.04006759661070734,
        -0.030403758465161,
        -0.023853487249509815,
        0.030712151280878175,
        -0.02828930703304687,
        0.01844181871668814,
        0.0269742663671997,
        -0.0031071500651746876,
        -0.025745665492958147,
        -0.0043580568813248455,
        0.0112281974116433,
        0.032141636296821444,
        -0.01265436613254726,
        -0.019157342419788892,
        0.006490377267880323,
        0.004822996883128204,
        -0.0016613844088715407
      ],
      "variance": 39061636774.83715,
      "std": 197640.1699423403,
      "density": 0.01694943127951851,
      "separation": 1.0,
      "coherence": 0.012027123795865126,
      "example_narratives": [
        "Pixate is a new platform for mobile interaction design. With it you can create sophisticated interactive native prototypes without code.",
        "SimplyInsured provides group health insurance quotes that enable small businesses to estimate their real out-of-pocket costs.",
        "YourMechanic is an online marketplace for vehicle owners to find local mechanics for home or office car repair services.",
        "Grubwithus is a social mobile app that allows users to experience group meals with strangers who also use the app.",
        "Kicksend is an easy-to-use application to send receive and print photo albums."
      ],
      "latent_signature": {
        "prominent_dimensions": [
          0,
          1,
          7,
          9,
          2,
          10,
          4,
          18,
          13,
          3
        ],
        "dimension_values": [
          -1411716.0723581298,
          -26.866225436249596,
          0.8809887354381462,
          0.8630852077159076,
          -0.7885432592065823,
          -0.6189701183201793,
          -0.4339241035654638,
          0.31188657927836744,
          -0.29209175164981294,
          -0.2833300257684042
        ],
        "dimension_prominence": [
          0.9999763777455356,
          1.903044905521234e-05,
          6.240404439304067e-07,
          6.113586411578097e-07,
          5.585575226326538e-07,
          4.384419140434065e-07,
          3.0736623446884875e-07,
          2.2092205218947804e-07,
          2.0690056414547305e-07,
          2.0069427445220977e-07
        ],
        "note": "These dimensions predict patterns. What they MEAN remains elusive."
      }
    },
    {
      "id": "pattern_1",
      "size": 76,
      "size_pct": 0.2825278810408922,
      "centroid_latent": [
        3055949.89310638,
        -21.528767037557284,
        0.9673126956263068,
        1.1569434601159865,
        -0.5980724760472962,
        -0.4482717246176927,
        -0.5046598365718696,
        -1.5405994411305495,
        0.2702950514789286,
        -1.1778074096981832,
        1.4772549841696985,
        0.31797135600390897,
        -0.040202166390850134,
        0.34640464373708574,
        -0.17248845975654703,
        0.03815841636151075,
        0.13770978224990385,
        -0.2651046590703217,
        -0.5210564528146999,
        0.1078713281207627,
        -0.027995865286496807,
        -0.028757408002775625,
        -0.07235553471103483,
        -0.04482763427896971,
        0.03366514524600322,
        -0.002376048210264175,
        -0.005307687214645585,
        -0.08194658952601082,
        0.04556350833376098,
        0.036980248015577796,
        0.021791972489597494,
        -0.05102076114149867,
        -0.09231920099783056,
        -0.06830242803819575,
        0.07421434379901011,
        -0.007162589691494414,
        -0.10385404139108424,
        0.00950316182436783,
        -0.06120451506891528,
        -0.07000168689785108,
        0.05366807440150594,
        0.05845896081504539,
        -0.028185041171734482,
        -0.020669389916017668,
        -0.02562769659690278,
        0.008219077375851012,
        0.012221919228254398,
        -0.001478946480488437,
        -0.007396695473380867,
        0.004346239135210152
      ],
      "variance": 183041118003.78543,
      "std": 427833.0492187174,
      "density": 0.014570291067364094,
      "separation": 1.0,
      "coherence": 0.010414478844461632,
      "example_narratives": [
        "Goldbely is an e-commerce site for buying and discovering America's best handmade gourmet food & gifts.",
        "The Daily Muse is a job search platform offering multimedia profiles of various companies that are hiring people.",
        "GinzaMetrics offers an SEO and content marketing platform that provides recommendations and competitor analytics to agencies and marketers.",
        "Lob offers a cloud-printing API that enables its users to automate the printing and mailing of documents pictures and more.",
        "Algolia provides a developer-friendly search API enabling users to perform database search functions in a user-friendly manner."
      ],
      "latent_signature": {
        "prominent_dimensions": [
          0,
          1,
          7,
          10,
          9,
          3,
          2,
          4,
          18,
          6
        ],
        "dimension_values": [
          3055949.89310638,
          -21.528767037557284,
          -1.5405994411305495,
          1.4772549841696985,
          -1.1778074096981832,
          1.1569434601159865,
          0.9673126956263068,
          -0.5980724760472962,
          -0.5210564528146999,
          -0.5046598365718696
        ],
        "dimension_prominence": [
          0.9999892746859728,
          7.044793562660931e-06,
          5.041257126607357e-07,
          4.833976968923656e-07,
          3.854103694568825e-07,
          3.785831221067705e-07,
          3.165308184783811e-07,
          1.9570545409834714e-07,
          1.7050373289693183e-07,
          1.6513831757354604e-07
        ],
        "note": "These dimensions predict patterns. What they MEAN remains elusive."
      }
    },
    {
      "id": "pattern_2",
      "size": 9,
      "size_pct": 0.03345724907063197,