{
  "dataset": {
    "train_games": 9519,
    "test_games": 2460,
    "train_seasons": "2014-2021",
    "test_seasons": "2022-2024"
  },
  "baseline_accuracy": 0.5056910569105691,
  "results": {
    "narrative": {
      "accuracy": 0.5085365853658537,
      "auc": 0.5175837440768319,
      "p_value": 0.39664424449927166,
      "significant": false
    },
    "empirical": {
      "accuracy": 0.532520325203252,
      "auc": 0.549843855770858,
      "p_value": 0.004116287042478346,
      "significant": true
    },
    "combined": {
      "alpha": 0.45,
      "accuracy": 0.5341463414634147,
      "p_value": 0.0025246689017033048,
      "significant": true
    }
  }
}